time_s,actuator_position_mm,actuator_velocity_mm_s,reaction_force_n,temperature_1_c,temperature_2_c,temperature_3_c,temperature_4_c
0.0,80.0,0.0,0.691168384129572,25.0,25.0,25.0,25.0
0.2,80.0,0.0,1.6432362870023167,25.0,25.0,25.0,25.0
0.4,80.0,0.0,0.6608741523667743,25.0,25.0,25.0,25.0
0.6000000000000001,80.0,0.0,-2.606314463208722,25.0,25.0,25.0,25.0
0.8,80.0,0.0,1.8107117333462355,25.0,25.0,25.0,25.0
1.0,80.0,0.0,0.8927491447280226,25.0,25.0,25.0,25.0
1.2000000000000002,80.0,0.0,-1.0739064707205703,25.0,25.0,25.0,25.0
1.4000000000000001,80.0,0.0,1.1622362083927062,25.0,25.0,25.0,25.0
1.6,80.0,0.0,0.7291447923721515,25.0,25.0,25.0,25.0
1.8,80.0,0.0,0.588264993311052,25.0,25.0,25.0,25.0
2.0,80.0,0.0,0.05684448263159358,25.0,25.0,25.0,25.0
2.2,80.0,0.0,1.0934259732248939,25.0,25.0,25.0,25.0
2.4000000000000004,80.0,0.0,-1.4729081740033338,25.0,25.0,25.0,25.0
2.6,80.0,0.0,-0.32581989598610556,25.0,25.0,25.0,25.0
2.8000000000000003,80.0,0.0,-0.9642386253599565,25.0,25.0,25.0,25.0
3.0,80.0,0.0,1.1976924252692551,25.0,25.0,25.0,25.0
3.2,80.0,0.0,0.07944421496331798,25.0,25.0,25.0,25.0
3.4000000000000004,80.0,0.0,-0.5849135019301772,25.0,25.0,25.0,25.0
3.6,80.0,0.0,-1.5638169247136842,25.0,25.0,25.0,25.0
3.8000000000000003,80.0,0.0,-0.5143844812377414,25.0,25.0,25.0,25.0
4.0,80.0,0.0,0.016284361036687015,25.0,25.0,25.0,25.0
4.2,80.0,0.0,-0.5512058105987409,25.0,25.0,25.0,25.0
4.4,80.0,0.0,2.5881276287964146,25.0,25.0,25.0,25.0
4.6000000000000005,80.0,0.0,2.0134486306115886,25.0,25.0,25.0,25.0
4.800000000000001,80.0,0.0,-5.422324957931937,25.0,25.0,25.0,25.0
5.0,80.0,0.0,-3.7780264919353455,25.0,25.0,25.0,25.0
5.2,80.0,0.0,-0.3495441841103239,25.0,25.0,25.0,25.0
5.4,80.0,0.0,-0.8443808231527071,25.0,25.0,25.0,25.0
5.6000000000000005,80.0,0.0,0.4272859949972222,25.0,25.0,25.0,25.0
5.800000000000001,80.0,0.0,0.43464386204512717,25.0,25.0,25.0,25.0
6.0,80.0,0.0,4.2356775101020965,25.0,25.0,25.0,25.0
6.2,80.0,0.0,-2.2240415253845627,25.0,25.0,25.0,25.0
6.4,80.0,0.0,-0.7552100142539961,25.0,25.0,25.0,25.0
6.6000000000000005,80.0,0.0,4.085543214984661,25.0,25.0,25.0,25.0
6.800000000000001,80.0,0.0,1.2934059924036938,25.0,25.0,25.0,25.0
7.0,80.0,0.0,1.3261267447525233,25.0,25.0,25.0,25.0
7.2,80.0,0.0,-1.0280127433749258,25.0,25.0,25.0,25.0
7.4,80.0,0.0,-3.2961503417113054,25.0,25.0,25.0,25.0
7.6000000000000005,80.14,0.7,0.33492948844548226,25.00315,25.00294,25.00273,25.00252
7.800000000000001,80.28,0.7,0.21802817564309507,25.00945,25.00882,25.00819,25.00756
8.0,80.42,0.7,-2.4547041084891483,25.01575,25.0147,25.01365,25.0126
8.200000000000001,80.56,0.7,-1.3664533235611245,25.02205,25.02058,25.01911,25.01764
8.4,80.7,0.7,-0.14408735945445486,25.02835,25.02646,25.02457,25.02268
8.6,80.84,0.7,-1.8895032461215548,25.03465,25.03234,25.03003,25.02772
8.8,80.98,0.7,-0.19653993570443454,25.04095,25.03822,25.03549,25.03276
9.0,81.12,0.7,0.19096605493890867,25.04725,25.0441,25.04095,25.0378
9.200000000000001,81.26,0.7,0.07117247411097143,25.05355,25.04998,25.04641,25.04284
9.4,81.4,0.7,-1.0125833166286295,25.05985,25.05586,25.05187,25.04788
9.600000000000001,81.54,0.7,1.1874961435716456,25.06615,25.06174,25.05733,25.05292
9.8,81.68,0.7,1.7823339085646568,25.07245,25.06762,25.06279,25.05796
10.0,81.82,0.7,0.6416966091331274,25.07875,25.0735,25.06825,25.063
10.200000000000001,81.96,0.7,-1.636460454780614,25.08505,25.07938,25.07371,25.06804
10.4,82.1,0.7,1.4633045675708816,25.09135,25.08526,25.07917,25.07308
10.600000000000001,82.24,0.7,-1.0028800369341047,25.09765,25.09114,25.08463,25.07812
10.8,82.38,0.7,1.7583212365759706,25.10395,25.09702,25.09009,25.08316
11.0,82.52,0.7,-2.1435748337548883,25.11025,25.1029,25.09555,25.0882
11.200000000000001,82.66,0.7,1.8289344062575623,25.11655,25.10878,25.10101,25.09324
11.4,82.8,0.7,-0.04012690923096084,25.12285,25.11466,25.10647,25.09828
11.600000000000001,82.94,0.7,-2.497497780668831,25.12915,25.12054,25.11193,25.10332
11.8,83.08,0.7,-0.6277989439336955,25.13545,25.12642,25.11739,25.10836
12.0,83.22,0.7,0.10820455754308778,25.14175,25.1323,25.12285,25.1134
12.200000000000001,83.36,0.7,0.5455826783289075,25.14805,25.13818,25.12831,25.11844
12.4,83.5,0.7,-1.9643762498819555,25.15435,25.14406,25.13377,25.12348
12.600000000000001,83.64,0.7,-2.214746094330386,25.16065,25.14994,25.13923,25.12852
12.8,83.78,0.7,0.39916906569416166,25.16695,25.15582,25.14469,25.13356
13.0,83.92,0.7,-0.9334992337596041,25.17325,25.1617,25.15015,25.1386
13.200000000000001,84.06,0.7,0.47101122346045043,25.17955,25.16758,25.15561,25.14364
13.4,84.2,0.7,1.5190390449567583,25.18585,25.17346,25.16107,25.14868
13.600000000000001,84.34,0.7,-3.297574732701897,25.19215,25.17934,25.16653,25.15372
13.8,84.48,0.7,0.5087762330352346,25.19845,25.18522,25.17199,25.15876
14.0,84.62,0.7,2.4492939350714646,25.20475,25.1911,25.17745,25.1638
14.200000000000001,84.75999999999999,0.7,-0.5950536887409464,25.21105,25.19698,25.18291,25.16884
14.4,84.89999999999999,0.7,-1.6216291664751399,25.21735,25.20286,25.18837,25.17388
14.600000000000001,85.03999999999999,0.7,1.5044876543591856,25.22365,25.20874,25.19383,25.17892
14.8,85.17999999999999,0.7,0.5068930324162829,25.22995,25.21462,25.19929,25.18396
15.0,85.32,0.7,1.7917661415551207,25.23625,25.2205,25.20475,25.189
15.200000000000001,85.46,0.7,-0.6904314201025594,25.24255,25.22638,25.21021,25.19404
15.4,85.6,0.7,-2.9636365474444224,25.24885,25.23226,25.21567,25.19908
15.600000000000001,85.74,0.7,-0.22002152942250197,25.25515,25.23814,25.22113,25.20412
15.8,85.88,0.7,-0.8916563060224644,25.26145,25.24402,25.22659,25.20916
16.0,86.02,0.7,1.5506476440951482,25.26775,25.2499,25.23205,25.2142
16.2,86.16,0.7,0.3872656967543076,25.27405,25.25578,25.23751,25.21924
16.400000000000002,86.3,0.7,-3.2616984648702023,25.28035,25.26166,25.24297,25.22428
16.6,86.44,0.7,-2.3903261602063997,25.28665,25.26754,25.24843,25.22932
16.8,86.58,0.7,1.7675780731745105,25.29295,25.27342,25.25389,25.23436
17.0,86.72,0.7,1.3595300348356931,25.29925,25.2793,25.25935,25.2394
17.2,86.86,0.7,-1.2804867318169775,25.30555,25.28518,25.26481,25.24444
17.400000000000002,87.0,0.7,-0.002097593134561362,25.31185,25.29106,25.27027,25.24948
17.6,87.14,0.7,0.8911471075523723,25.31815,25.29694,25.27573,25.25452
17.8,87.28,0.7,0.9368086716945558,25.32445,25.30282,25.28119,25.25956
18.0,87.42,0.7,1.7524843922287001,25.33075,25.3087,25.28665,25.2646
18.2,87.56,0.7,0.512971254443124,25.33705,25.31458,25.29211,25.26964
18.400000000000002,87.7,0.7,-0.18965667793699634,25.34335,25.32046,25.29757,25.27468
18.6,87.84,0.7,-0.5176961295756911,25.34965,25.32634,25.30303,25.27972
18.8,87.98,0.7,2.1114856010665024,25.35595,25.33222,25.30849,25.28476
19.0,88.12,0.7,-4.501708550157075,25.36225,25.3381,25.31395,25.2898
19.200000000000003,88.26,0.7,-0.27731065018267465,25.36855,25.34398,25.31941,25.29484
19.400000000000002,88.4,0.7,0.06600020796812021,25.37485,25.34986,25.32487,25.29988
19.6,88.54,0.7,-2.8506979217403754,25.38115,25.35574,25.33033,25.30492
19.8,88.68,0.7,0.6656272262760933,25.38745,25.36162,25.33579,25.30996
20.0,88.82000000000001,0.7,-1.302562024886788,25.39375,25.3675,25.34125,25.315
20.200000000000003,88.96000000000001,0.7,1.7248895926314936,25.40005,25.37338,25.34671,25.32004
20.400000000000002,89.10000000000001,0.7,-0.2511841680686544,25.40635,25.37926,25.35217,25.32508
20.6,89.24000000000001,0.7,1.3383064815789056,25.41265,25.38514,25.35763,25.33012
20.8,89.38000000000001,0.7,2.4376872103424465,25.41895,25.39102,25.36309,25.33516
21.0,89.52000000000001,0.7,0.7658591654269448,25.42525,25.3969,25.36855,25.3402
21.200000000000003,89.66000000000001,0.7,-1.751442286845691,25.43155,25.40278,25.37401,25.34524
21.400000000000002,89.80000000000001,0.7,-3.028637263409277,25.43785,25.40866,25.37947,25.35028
21.6,89.94000000000001,0.7,3.5067682350327454,25.44415,25.41454,25.38493,25.35532
21.8,90.08000000000001,0.7,-0.2221275132879283,25.45045,25.42042,25.39039,25.36036
22.0,90.22000000000001,0.7,-1.3086497922185025,25.45675,25.4263,25.39585,25.3654
22.200000000000003,90.36000000000001,0.7,0.5203774010493367,25.46305,25.43218,25.40131,25.37044
22.400000000000002,90.50000000000001,0.7,0.09769816927506858,25.46935,25.43806,25.40677,25.37548
22.6,90.64000000000001,0.7,2.5136861291501362,25.47565,25.44394,25.41223,25.38052
22.8,90.78000000000002,0.7,1.2829885414229596,25.48195,25.44982,25.41769,25.38556
23.0,90.92000000000002,0.7,1.7226977808473014,25.48825,25.4557,25.42315,25.3906
23.200000000000003,91.06000000000002,0.7,0.8184491620447107,25.49455,25.46158,25.42861,25.39564
23.400000000000002,91.20000000000002,0.7,3.809855281336855,25.50085,25.46746,25.43407,25.40068
23.6,91.34000000000002,0.7,1.4954030527176125,25.50715,25.47334,25.43953,25.40572
23.8,91.48000000000002,0.7,5.655432900098963,25.51345,25.47922,25.44499,25.41076
24.0,91.62000000000002,0.7,8.199084579872718,25.51975,25.4851,25.45045,25.4158
24.200000000000003,91.76000000000002,0.7,2.995484200636241,25.52605,25.49098,25.45591,25.42084
24.400000000000002,91.90000000000002,0.7,2.0712827720493,25.53235,25.49686,25.46137,25.42588
24.6,92.04000000000002,0.7,9.26084680835434,25.53865,25.50274,25.46683,25.43092
24.8,92.18000000000002,0.7,14.209986477582778,25.54495,25.50862,25.47229,25.43596
25.0,92.32000000000002,0.7,8.26254241914826,25.55125,25.514499999999998,25.47775,25.441
25.200000000000003,92.46000000000002,0.7,8.975695983456355,25.55755,25.52038,25.48321,25.44604
25.400000000000002,92.60000000000002,0.7,13.929651176878588,25.56385,25.52626,25.48867,25.45108
25.6,92.74000000000002,0.7,12.406299469393275,25.57015,25.53214,25.49413,25.45612
25.8,92.88000000000002,0.7,14.47263020660426,25.57645,25.53802,25.49959,25.46116
26.0,93.02000000000002,0.7,16.24582857979201,25.58275,25.5439,25.50505,25.4662
26.200000000000003,93.16000000000003,0.7,19.523454420154177,25.58905,25.54978,25.51051,25.47124
26.400000000000002,93.30000000000003,0.7,19.22582060791264,25.59535,25.55566,25.51597,25.47628
26.6,93.44000000000003,0.7,22.228359544466272,25.60165,25.56154,25.52143,25.48132
26.8,93.58000000000003,0.7,23.01451365552664,25.60795,25.56742,25.52689,25.48636
27.0,93.72000000000003,0.7,23.43168391942626,25.61425,25.5733,25.53235,25.4914
27.200000000000003,93.86000000000003,0.7,26.29293714964473,25.62055,25.57918,25.53781,25.49644
27.400000000000002,94.00000000000003,0.7,26.9011441721496,25.62685,25.58506,25.54327,25.50148
27.6,94.14000000000003,0.7,30.741803947820184,25.63315,25.59094,25.54873,25.506520000000002
27.8,94.28000000000003,0.7,30.465047567953786,25.63945,25.59682,25.55419,25.51156
28.0,94.42000000000003,0.7,32.56788352738622,25.64575,25.6027,25.55965,25.5166
28.200000000000003,94.56000000000003,0.7,39.76509582269292,25.65205,25.60858,25.56511,25.52164
28.400000000000002,94.70000000000003,0.7,38.89864297425712,25.65835,25.61446,25.57057,25.52668
28.6,94.84000000000003,0.7,41.10712695562978,25.66465,25.62034,25.57603,25.53172
28.8,94.98000000000003,0.7,44.503753733225025,25.67095,25.62622,25.58149,25.53676
29.0,95.12000000000003,0.7,44.96030530056513,25.67725,25.6321,25.58695,25.5418
29.200000000000003,95.26000000000003,0.7,47.72164154177595,25.68355,25.63798,25.59241,25.54684
29.400000000000002,95.40000000000003,0.7,51.46083065553753,25.68985,25.64386,25.59787,25.55188
29.6,95.54000000000003,0.7,53.662094018088524,25.69615,25.64974,25.60333,25.55692
29.8,95.68000000000004,0.7,53.32009311232732,25.70245,25.65562,25.60879,25.56196
30.0,95.82000000000004,0.7,59.90128410422013,25.70875,25.6615,25.61425,25.567
30.200000000000003,95.96000000000004,0.7,59.70392836695927,25.71505,25.66738,25.61971,25.57204
30.400000000000002,96.10000000000004,0.7,61.47693113451135,25.72135,25.67326,25.62517,25.57708
30.6,96.24000000000004,0.7,64.54633083159808,25.72765,25.67914,25.63063,25.58212
30.8,96.38000000000004,0.7,68.37809810508928,25.73395,25.68502,25.63609,25.58716
31.0,96.52000000000004,0.7,75.2792325152799,25.74025,25.6909,25.64155,25.5922
31.200000000000003,96.66000000000004,0.7,72.59236285121392,25.74655,25.69678,25.64701,25.59724
31.400000000000002,96.80000000000004,0.7,78.23557693544639,25.75285,25.70266,25.65247,25.60228
31.6,96.94000000000004,0.7,76.66478729223921,25.75915,25.70854,25.65793,25.60732
31.8,97.08000000000004,0.7,84.01516986305857,25.76545,25.71442,25.66339,25.61236
32.0,97.22000000000004,0.7,88.94800143049217,25.77175,25.7203,25.66885,25.6174
32.2,97.36000000000004,0.7,89.85864787259649,25.77805,25.72618,25.67431,25.62244
32.4,97.50000000000004,0.7,92.30875903114736,25.78435,25.73206,25.67977,25.62748
32.6,97.64000000000004,0.7,97.31822453056493,25.79065,25.737940000000002,25.68523,25.63252
32.800000000000004,97.78000000000004,0.7,101.59533251057667,25.79695,25.74382,25.69069,25.63756
33.0,97.92000000000004,0.7,104.91412083405989,25.80325,25.7497,25.69615,25.6426
33.2,98.06000000000004,0.7,110.97534011303424,25.80955,25.755580000000002,25.70161,25.64764
33.4,98.20000000000005,0.7,110.94398688750802,25.81585,25.76146,25.70707,25.65268
33.6,98.34000000000005,0.7,112.88762963816568,25.82215,25.76734,25.71253,25.65772
33.800000000000004,98.48000000000005,0.7,117.41869587954393,25.82845,25.77322,25.71799,25.66276
34.0,98.62000000000005,0.7,121.1751388290585,25.83475,25.7791,25.72345,25.6678
34.2,98.76000000000005,0.7,125.2382427508484,25.84105,25.78498,25.72891,25.67284
34.4,98.90000000000005,0.7,128.7123703541379,25.84735,25.79086,25.73437,25.677880000000002
34.6,99.04000000000005,0.7,132.92291960369155,25.853650000000002,25.79674,25.73983,25.68292
34.800000000000004,99.18000000000005,0.7,133.08663312203666,25.85995,25.80262,25.74529,25.68796
35.0,99.24000000000005,0.3,141.99160260278165,25.86625,25.8085,25.75075,25.693
35.2,99.29981520000004,0.29907599999999995,143.13742775297703,25.87255,25.81438,25.75621,25.69804
35.4,99.35944560000004,0.298152,145.94558687133855,25.87885,25.82026,25.76167,25.70308
35.6,99.41889120000005,0.297228,153.62272908532415,25.88515,25.82614,25.76713,25.70812
35.800000000000004,99.47815200000005,0.29630399999999996,159.0874158400037,25.89145,25.83202,25.77259,25.71316
36.0,99.53722800000006,0.29538,161.59446358581977,25.89775,25.8379,25.77805,25.7182
36.2,99.59611920000005,0.29445599999999994,165.13636938427382,25.90405,25.84378,25.78351,25.72324
36.4,99.65482560000005,0.293532,167.20514893745556,25.91035,25.84966,25.78897,25.72828
36.6,99.71334720000004,0.292608,179.11805530833735,25.91665,25.85554,25.79443,25.73332
36.800000000000004,99.77168400000005,0.29168399999999994,179.4904598314423,25.92295,25.86142,25.79989,25.73836
37.0,99.82983600000006,0.29075999999999996,179.8559662223615,25.92925,25.8673,25.80535,25.7434
37.2,99.88780320000005,0.289836,185.02938537983542,25.93555,25.87318,25.81081,25.74844
37.4,99.94558560000004,0.288912,191.2661211714915,25.94185,25.87906,25.81627,25.75348
37.6,100.00318320000005,0.28798799999999997,192.5355022563228,25.94815,25.88494,25.82173,25.75852
37.800000000000004,100.06059600000005,0.287064,200.58423353092073,25.95445,25.89082,25.82719,25.763560000000002
38.0,100.11782400000004,0.28614,203.97995147720042,25.96075,25.8967,25.83265,25.7686
38.2,100.17486720000005,0.28521599999999997,212.05077998228592,25.96705,25.90258,25.83811,25.77364
38.400000000000006,100.23172560000005,0.28429199999999993,216.2716245562273,25.97335,25.90846,25.84357,25.77868
38.6,100.28839920000004,0.283368,213.72266424204687,25.97965,25.91434,25.84903,25.78372
38.800000000000004,100.34488800000005,0.282444,224.07531602501447,25.98595,25.92022,25.85449,25.78876
39.0,100.40119200000005,0.28152,225.65232103563318,25.99225,25.9261,25.85995,25.7938
39.2,100.45731120000005,0.28059599999999996,236.0504614183883,25.99855,25.93198,25.86541,25.79884
39.400000000000006,100.51324560000005,0.279672,239.15982663609967,26.00485,25.93786,25.87087,25.80388
39.6,100.56899520000005,0.27874799999999994,244.96127236584755,26.01115,25.943740000000002,25.87633,25.80892
39.800000000000004,100.62456000000005,0.27782399999999996,246.82339372301973,26.01745,25.94962,25.88179,25.81396
40.0,100.67994000000004,0.2769,257.74793965222096,26.02375,25.9555,25.88725,25.819
40.2,100.73513520000004,0.27597599999999994,263.316836329663,26.03005,25.961380000000002,25.89271,25.82404
40.400000000000006,100.79014560000005,0.27505199999999996,262.3808535019204,26.03635,25.96726,25.89817,25.82908
40.6,100.84497120000005,0.274128,270.5377495233626,26.042650000000002,25.97314,25.90363,25.83412
40.800000000000004,100.89961200000005,0.27320399999999995,273.77517890026405,26.04895,25.97902,25.90909,25.83916
41.0,100.95406800000005,0.27227999999999997,280.4521731646216,26.05525,25.9849,25.91455,25.8442
41.2,101.00833920000005,0.271356,283.39335809760996,26.06155,25.99078,25.92001,25.84924
41.400000000000006,101.06242560000004,0.27043199999999995,295.1319576651666,26.06785,25.99666,25.92547,25.85428
41.6,101.11632720000004,0.26950799999999997,294.9799844554399,26.07415,26.00254,25.93093,25.85932
41.800000000000004,101.17004400000005,0.26858399999999993,301.8944225048557,26.08045,26.00842,25.93639,25.86436
42.0,101.22357600000005,0.26766,309.10530086008225,26.08675,26.0143,25.94185,25.8694
42.2,101.27692320000006,0.266736,312.4703859181909,26.09305,26.02018,25.94731,25.87444
42.400000000000006,101.33008560000005,0.26581199999999994,318.99741211621495,26.09935,26.02606,25.95277,25.87948
42.6,101.38306320000005,0.26488799999999996,324.1065752004977,26.10565,26.03194,25.95823,25.88452
42.800000000000004,101.43585600000004,0.263964,330.77197107980044,26.11195,26.03782,25.96369,25.88956
43.0,101.48846400000005,0.26304,334.5499971074089,26.11825,26.0437,25.96915,25.8946
43.2,101.54088720000004,0.26211599999999996,341.9143811569489,26.12455,26.04958,25.97461,25.89964
43.400000000000006,101.59312560000005,0.261192,348.32286530404144,26.13085,26.05546,25.98007,25.90468
43.6,101.64517920000004,0.260268,354.0624463858496,26.13715,26.06134,25.98553,25.90972
43.800000000000004,101.69704800000005,0.25934399999999996,360.8834141113754,26.14345,26.06722,25.99099,25.91476
44.0,101.74873200000005,0.25842,366.2707899925457,26.14975,26.0731,25.99645,25.9198
44.2,101.80023120000004,0.25749599999999995,374.497138419489,26.15605,26.07898,26.00191,25.92484
44.400000000000006,101.85154560000005,0.25657199999999997,378.5247430381004,26.16235,26.08486,26.00737,25.92988
44.6,101.90267520000005,0.255648,385.12489091529596,26.16865,26.09074,26.01283,25.93492
44.800000000000004,101.95362000000004,0.25472399999999995,390.34225702998583,26.17495,26.09662,26.01829,25.93996
45.0,102.00438000000005,0.25379999999999997,396.93893305390617,26.18125,26.1025,26.02375,25.945
45.2,102.05495520000005,0.25287599999999993,401.82957329091676,26.18755,26.10838,26.02921,25.95004
45.400000000000006,102.10534560000005,0.25195199999999995,411.80911822200693,26.19385,26.11426,26.03467,25.95508
45.6,102.15555120000005,0.251028,414.9458360688853,26.20015,26.12014,26.04013,25.96012
45.800000000000004,102.20557200000005,0.250104,422.2447586683384,26.20645,26.12602,26.04559,25.96516
46.0,102.25540800000005,0.24917999999999996,431.0067777492556,26.21275,26.1319,26.05105,25.9702
46.2,102.30505920000004,0.24825599999999998,437.6914123140748,26.21905,26.13778,26.05651,25.97524
46.400000000000006,102.35452560000004,0.24733199999999997,442.73011645326136,26.22535,26.14366,26.06197,25.98028
46.6,102.40380720000005,0.246408,446.18194155694556,26.23165,26.149540000000002,26.06743,25.98532
46.800000000000004,102.45290400000005,0.24548399999999995,457.7976179626184,26.23795,26.15542,26.07289,25.99036
47.0,102.50181600000005,0.24455999999999997,464.25777215665914,26.24425,26.1613,26.07835,25.9954
47.2,102.55054320000005,0.24363599999999996,467.7418174594022,26.25055,26.167180000000002,26.08381,26.00044
47.400000000000006,102.59908560000005,0.24271199999999993,478.9809851658932,26.25685,26.17306,26.08927,26.00548
47.6,102.64744320000005,0.24178799999999998,482.9576751153452,26.26315,26.17894,26.09473,26.01052
47.800000000000004,102.69561600000004,0.24086399999999997,489.07275143464136,26.26945,26.184820000000002,26.10019,26.01556
48.0,102.74360400000005,0.23994,498.5275083767486,26.27575,26.1907,26.10565,26.0206
48.2,102.79140720000005,0.23901599999999995,505.0356392849796,26.28205,26.19658,26.11111,26.02564
48.400000000000006,102.83902560000004,0.23809199999999994,512.8999232737866,26.28835,26.202460000000002,26.11657,26.03068
48.6,102.88645920000005,0.237168,516.4307846868442,26.29465,26.20834,26.12203,26.03572
48.800000000000004,102.93370800000005,0.23624399999999995,530.4598058953444,26.30095,26.21422,26.12749,26.04076
49.0,102.98077200000004,0.23531999999999997,532.868501976872,26.30725,26.2201,26.13295,26.0458
49.2,103.02765120000005,0.23439599999999997,538.2783326015824,26.31355,26.22598,26.13841,26.05084
49.400000000000006,103.07434560000004,0.23347199999999996,549.924476285993,26.31985,26.23186,26.14387,26.055880000000002
49.6,103.12085520000005,0.23254799999999998,555.3515836408283,26.32615,26.23774,26.14933,26.06092
49.800000000000004,103.16718000000004,0.23162399999999994,564.1305192004146,26.33245,26.24362,26.15479,26.06596
50.0,103.21332000000005,0.2307,570.2663574681528,26.33875,26.2495,26.16025,26.071
50.2,103.25927520000005,0.22977599999999995,578.3359793157902,26.34505,26.25538,26.16571,26.07604
50.400000000000006,103.30504560000006,0.22885199999999994,586.5019572635624,26.35135,26.26126,26.17117,26.08108
50.6,103.35063120000005,0.22792799999999996,592.117075789784,26.35765,26.26714,26.17663,26.08612
50.800000000000004,103.39603200000005,0.22700399999999998,602.6128021632048,26.36395,26.27302,26.18209,26.09116
51.0,103.44124800000004,0.22607999999999995,608.005388982635,26.37025,26.2789,26.18755,26.0962
51.2,103.48627920000004,0.22515599999999997,614.9405596290788,26.37655,26.28478,26.19301,26.10124
51.400000000000006,103.53112560000005,0.22423199999999996,624.6135761195964,26.38285,26.29066,26.19847,26.10628
51.6,103.57578720000005,0.22330799999999995,633.1739582655193,26.38915,26.29654,26.20393,26.11132
51.800000000000004,103.62026400000005,0.22238399999999997,639.6948233364772,26.39545,26.30242,26.20939,26.11636
52.0,103.66455600000005,0.22146,646.3417457871852,26.40175,26.3083,26.21485,26.1214
52.2,103.70866320000005,0.22053599999999995,657.264812360275,26.40805,26.31418,26.22031,26.12644
52.400000000000006,103.75258560000005,0.21961199999999992,660.507647866153,26.41435,26.32006,26.22577,26.13148
52.6,103.79632320000005,0.21868799999999997,670.0142059219986,26.42065,26.32594,26.23123,26.13652
52.800000000000004,103.83987600000005,0.21776399999999996,680.2471297323458,26.42695,26.33182,26.23669,26.14156
53.0,103.88324400000005,0.21683999999999998,685.5825927415652,26.43325,26.337699999999998,26.24215,26.1466
53.2,103.92642720000005,0.21591599999999994,696.541762618479,26.43955,26.34358,26.24761,26.15164
53.400000000000006,103.96942560000005,0.21499199999999996,704.6015028205712,26.44585,26.34946,26.25307,26.15668
53.6,104.01223920000004,0.21406799999999998,714.7785137760899,26.45215,26.355339999999998,26.25853,26.16172
53.800000000000004,104.05486800000004,0.21314399999999994,719.4655668781603,26.45845,26.36122,26.26399,26.16676
54.0,104.09731200000004,0.21221999999999996,728.4017145281441,26.46475,26.3671,26.26945,26.1718
54.2,104.13957120000005,0.21129599999999998,738.7224962153053,26.471049999999998,26.37298,26.27491,26.17684
54.400000000000006,104.18164560000005,0.21037199999999995,741.5877951734744,26.47735,26.37886,26.28037,26.18188
54.6,104.22353520000004,0.20944799999999997,761.1939399480524,26.48365,26.38474,26.28583,26.18692
54.800000000000004,104.26524000000005,0.20852399999999996,762.131589911203,26.48995,26.39062,26.29129,26.19196
55.0,104.30676000000005,0.20759999999999998,770.6483201339804,26.49625,26.3965,26.29675,26.197
55.2,104.34809520000005,0.20667599999999994,782.4533670727382,26.50255,26.40238,26.30221,26.20204
55.400000000000006,104.38924560000005,0.20575199999999993,789.3185534979008,26.50885,26.40826,26.30767,26.20708
55.6,104.43021120000004,0.20482799999999995,794.5504090375224,26.51515,26.41414,26.31313,26.21212
55.800000000000004,104.47099200000005,0.20390399999999997,808.1180750079234,26.52145,26.42002,26.31859,26.21716
56.0,104.51158800000005,0.20297999999999997,817.3737959464883,26.52775,26.4259,26.32405,26.2222
56.2,104.55199920000004,0.20205599999999996,823.6057952611462,26.53405,26.43178,26.32951,26.227240000000002
56.400000000000006,104.59222560000005,0.20113199999999998,832.8289238192356,26.54035,26.43766,26.33497,26.23228
56.6,104.63226720000004,0.20020799999999994,843.2942816105563,26.54665,26.44354,26.34043,26.23732
56.800000000000004,104.67212400000005,0.19928399999999996,849.4786531552725,26.55295,26.44942,26.34589,26.24236
57.0,104.71179600000005,0.19835999999999998,861.1905678366401,26.55925,26.4553,26.35135,26.2474
57.2,104.75128320000005,0.19743599999999997,869.7736032973362,26.56555,26.46118,26.35681,26.25244
57.400000000000006,104.79058560000004,0.19651199999999994,877.1299580720732,26.57185,26.46706,26.36227,26.25748
57.6,104.82970320000004,0.19558799999999998,884.8440012258844,26.57815,26.47294,26.36773,26.26252
57.800000000000004,104.86863600000005,0.19466399999999995,896.3689030453253,26.58445,26.47882,26.37319,26.26756
58.0,104.90738400000005,0.19373999999999997,904.3046716420371,26.59075,26.4847,26.37865,26.2726
58.2,104.94594720000005,0.19281599999999996,917.3371936662903,26.59705,26.49058,26.38411,26.27764
58.400000000000006,104.98432560000005,0.19189199999999995,924.9448207278954,26.60335,26.49646,26.38957,26.28268
58.6,105.02251920000005,0.19096799999999997,935.5864798724517,26.60965,26.50234,26.39503,26.28772
58.800000000000004,105.06052800000005,0.19004399999999994,943.700564159109,26.61595,26.50822,26.40049,26.29276
59.0,105.09835200000005,0.18911999999999995,953.4094453932106,26.62225,26.5141,26.40595,26.2978
59.2,105.13599120000005,0.18819599999999997,960.813246607761,26.62855,26.51998,26.41141,26.30284
59.400000000000006,105.17344560000005,0.18727199999999994,973.2541842097686,26.63485,26.52586,26.41687,26.30788
59.6,105.21071520000004,0.18634799999999996,985.0695398826838,26.64115,26.53174,26.42233,26.31292
59.800000000000004,105.24780000000004,0.18542399999999995,990.5059969060794,26.64745,26.53762,26.42779,26.31796
60.0,105.28470000000004,0.1845,999.6081922012288,26.65375,26.5435,26.43325,26.323
60.2,105.32141520000005,0.18357599999999996,1010.1895437052106,26.660050000000002,26.54938,26.43871,26.32804
60.400000000000006,105.35794560000005,0.18265199999999993,1019.2972052692901,26.66635,26.55526,26.44417,26.33308
60.6,105.39429120000005,0.18172799999999997,1028.6543953020387,26.67265,26.56114,26.44963,26.33812
60.800000000000004,105.43045200000005,0.18080399999999996,1040.1743352472479,26.67895,26.56702,26.45509,26.34316
61.0,105.46642800000005,0.17987999999999996,1049.1996798084222,26.68525,26.5729,26.46055,26.3482
61.2,105.50221920000004,0.17895599999999995,1062.5857688856051,26.69155,26.578780000000002,26.46601,26.35324
61.400000000000006,105.53782560000005,0.17803199999999997,1069.6778389610345,26.69785,26.58466,26.47147,26.35828
61.6,105.57324720000005,0.17710799999999993,1080.337548197602,26.70415,26.59054,26.47693,26.36332
61.800000000000004,105.60848400000005,0.17618399999999995,1091.648898760288,26.71045,26.596420000000002,26.48239,26.36836
62.0,105.64353600000004,0.17525999999999997,1099.2412841271757,26.71675,26.6023,26.48785,26.3734
62.2,105.67840320000005,0.17433599999999996,1112.8569877419122,26.72305,26.60818,26.49331,26.37844
62.400000000000006,105.71308560000006,0.17341199999999993,1118.9015912661262,26.72935,26.614060000000002,26.49877,26.38348
62.6,105.74758320000005,0.17248799999999997,1128.7765038755253,26.73565,26.61994,26.50423,26.38852
62.800000000000004,105.78189600000005,0.17156399999999997,1139.9294879259269,26.74195,26.62582,26.50969,26.39356
63.0,105.81602400000004,0.17063999999999996,1150.7441016745242,26.74825,26.6317,26.51515,26.398600000000002
63.2,105.84996720000004,0.16971599999999995,1158.5250352528512,26.754550000000002,26.63758,26.52061,26.40364
63.400000000000006,105.88372560000005,0.16879199999999994,1171.6542070415353,26.76085,26.64346,26.52607,26.40868
63.6,105.91729920000004,0.167868,1178.828707381547,26.76715,26.64934,26.53153,26.41372
63.800000000000004,105.95068800000004,0.16694399999999995,1195.429769715353,26.77345,26.65522,26.53699,26.41876
64.0,105.98389200000004,0.16601999999999997,1203.0078093336351,26.77975,26.6611,26.54245,26.4238
64.2,106.01691120000004,0.16509599999999997,1212.4526658168763,26.78605,26.66698,26.54791,26.42884
64.4,106.04974560000005,0.16417199999999993,1222.529120668861,26.79235,26.67286,26.55337,26.433880000000002
64.60000000000001,106.08239520000005,0.16324799999999992,1234.2285592700005,26.798650000000002,26.67874,26.55883,26.43892
64.8,106.11486000000005,0.162324,1245.2452624939967,26.804949999999998,26.68462,26.56429,26.44396
65.0,106.14714000000005,0.1614,1254.3387489966751,26.81125,26.6905,26.56975,26.449
65.2,106.17923520000005,0.16047599999999995,1265.36684906497,26.81755,26.69638,26.57521,26.45404
65.4,106.21114560000004,0.15955199999999994,1277.6530470943294,26.82385,26.70226,26.58067,26.45908
65.60000000000001,106.24287120000004,0.15862799999999994,1287.8490478420802,26.83015,26.70814,26.58613,26.46412
65.8,106.27441200000004,0.15770399999999998,1301.674491167189,26.83645,26.71402,26.59159,26.46916
66.0,106.30576800000004,0.15677999999999997,1313.0194578787844,26.84275,26.7199,26.59705,26.4742
66.2,106.33693920000005,0.15585599999999997,1321.7655855659284,26.84905,26.72578,26.60251,26.47924
66.4,106.36792560000004,0.15493199999999996,1333.7127136477816,26.85535,26.73166,26.60797,26.484280000000002
66.60000000000001,106.39872720000004,0.15400799999999992,1341.1692260238322,26.86165,26.73754,26.61343,26.48932
66.8,106.42934400000004,0.15308399999999997,1356.2306151317837,26.86795,26.74342,26.61889,26.49436
67.0,106.45977600000005,0.15215999999999996,1366.0528502867253,26.87425,26.7493,26.62435,26.4994
67.2,106.49002320000005,0.15123599999999998,1378.2836239812827,26.88055,26.75518,26.62981,26.50444
67.4,106.52008560000004,0.15031199999999995,1391.7572745286634,26.88685,26.76106,26.63527,26.50948
67.60000000000001,106.54996320000005,0.14938799999999994,1395.2790987835483,26.89315,26.76694,26.64073,26.51452
67.8,106.57965600000004,0.14846399999999998,1411.6889122611813,26.89945,26.77282,26.64619,26.51956
68.0,106.60916400000005,0.14753999999999995,1420.3369015589715,26.90575,26.7787,26.65165,26.5246
68.2,106.63848720000004,0.14661599999999994,1435.1295517616802,26.91205,26.784580000000002,26.65711,26.52964
68.4,106.66762560000004,0.14569199999999996,1442.7704179802004,26.91835,26.79046,26.66257,26.53468
68.60000000000001,106.69657920000004,0.14476799999999992,1455.8999729852503,26.92465,26.79634,26.66803,26.53972
68.8,106.72534800000004,0.143844,1468.8317808212528,26.93095,26.80222,26.67349,26.54476
69.0,106.75393200000005,0.14291999999999996,1481.2306604692626,26.93725,26.8081,26.67895,26.5498
69.2,106.78233120000004,0.14199599999999993,1491.7723188582693,26.943550000000002,26.81398,26.68441,26.55484
69.4,106.81054560000004,0.14107199999999995,1501.697891910992,26.94985,26.81986,26.68987,26.55988
69.60000000000001,106.83857520000005,0.1401479999999999,1513.8790202467949,26.95615,26.82574,26.69533,26.56492
69.8,106.86642000000005,0.13922399999999996,1528.4993029265263,26.96245,26.83162,26.70079,26.569960000000002
70.0,106.89408000000005,0.13829999999999998,1538.5051658534612,26.96875,26.8375,26.70625,26.575
70.2,106.92155520000004,0.13737599999999994,1546.9760337461025,26.97505,26.84338,26.71171,26.58004
70.4,106.94884560000004,0.13645199999999996,1563.9000890841226,26.98135,26.84926,26.71717,26.58508
70.60000000000001,106.97595120000004,0.13552799999999993,1574.955939708838,26.98765,26.85514,26.72263,26.59012
70.8,107.00287200000004,0.13460399999999997,1587.8225052783437,26.99395,26.86102,26.72809,26.59516
71.0,107.02960800000004,0.13368,1597.3961775730145,27.00025,26.8669,26.73355,26.6002
71.2,107.05615920000004,0.13275599999999996,1611.7610053822202,27.00655,26.87278,26.73901,26.605240000000002
71.4,107.08252560000004,0.13183199999999992,1620.0592986270374,27.01285,26.87866,26.74447,26.61028
71.60000000000001,107.10870720000004,0.13090799999999994,1635.43961537013,27.01915,26.88454,26.74993,26.61532
71.8,107.13470400000004,0.129984,1645.4784685639893,27.02545,26.89042,26.75539,26.62036
72.0,107.16051600000004,0.12905999999999995,1660.008947290418,27.03175,26.8963,26.76085,26.6254
72.2,107.18614320000005,0.12813599999999997,1672.9139232964267,27.03805,26.90218,26.76631,26.63044
72.4,107.21158560000005,0.12721199999999994,1681.7143977647074,27.04435,26.90806,26.77177,26.63548
72.60000000000001,107.23684320000004,0.1262879999999999,1695.4089893856644,27.05065,26.91394,26.77723,26.640520000000002
72.8,107.26191600000004,0.12536399999999998,1707.955730704324,27.05695,26.91982,26.78269,26.64556
73.0,107.28680400000005,0.12443999999999994,1722.6648026950397,27.06325,26.9257,26.78815,26.6506
73.2,107.31150720000004,0.12351599999999999,1734.1554951310638,27.06955,26.93158,26.79361,26.65564
73.4,107.33602560000004,0.12259199999999995,1742.7859599186445,27.07585,26.93746,26.79907,26.66068
73.60000000000001,107.36035920000003,0.12166799999999992,1758.6710737517747,27.08215,26.94334,26.80453,26.66572
73.8,107.38450800000004,0.12074399999999999,1771.818560140862,27.08845,26.94922,26.80999,26.67076
74.0,107.40847200000005,0.11981999999999995,1787.1896764823125,27.09475,26.9551,26.81545,26.6758
74.2,107.43225120000004,0.11889599999999992,1792.2385842554272,27.10105,26.96098,26.82091,26.68084
74.4,107.45584560000005,0.11797199999999997,1807.2201068152995,27.10735,26.96686,26.82637,26.68588
74.60000000000001,107.47925520000004,0.11704799999999993,1823.6965704862155,27.11365,26.97274,26.83183,26.690920000000002
74.8,107.50248000000005,0.11612399999999995,1831.0977685596392,27.11995,26.97862,26.83729,26.69596
75.0,107.52552000000004,0.11519999999999997,1844.2281101126368,27.12625,26.9845,26.84275,26.701
75.2,107.54837520000004,0.11427599999999993,1860.5213356973456,27.132550000000002,26.990380000000002,26.84821,26.70604
75.4,107.57104560000005,0.1133519999999999,1874.4251234824956,27.13885,26.99626,26.85367,26.71108
75.60000000000001,107.59353120000004,0.11242799999999994,1883.993051892928,27.14515,27.00214,26.85913,26.71612
75.8,107.61583200000004,0.11150399999999996,1899.3937228950797,27.15145,27.008020000000002,26.86459,26.72116
76.0,107.63794800000004,0.11057999999999998,1911.5713609687004,27.15775,27.0139,26.87005,26.7262
76.2,107.65987920000003,0.10965599999999995,1927.4398338911978,27.16405,27.01978,26.87551,26.73124
76.4,107.68162560000005,0.10873199999999991,1937.5050652645086,27.17035,27.025660000000002,26.88097,26.73628
76.60000000000001,107.70318720000004,0.10780799999999996,1952.6352215248128,27.17665,27.03154,26.88643,26.74132
76.80000000000001,107.72456400000004,0.10688399999999992,1962.0359519786457,27.18295,27.03742,26.89189,26.74636
77.0,107.74575600000004,0.10595999999999994,1976.700704531234,27.18925,27.043300000000002,26.89735,26.7514
77.2,107.76676320000004,0.10503599999999996,1990.1461193820944,27.19555,27.04918,26.90281,26.75644
77.4,107.78758560000004,0.10411199999999993,2005.9275796530414,27.20185,27.05506,26.90827,26.76148
77.60000000000001,107.80822320000004,0.10318799999999989,2018.159172688583,27.20815,27.060940000000002,26.91373,26.76652
77.80000000000001,107.82867600000004,0.10226399999999994,2028.8877486463725,27.21445,27.06682,26.91919,26.77156
78.0,107.84894400000005,0.10133999999999996,2045.1872023388196,27.22075,27.0727,26.92465,26.776600000000002
78.2,107.86902720000003,0.10041599999999998,2058.8372231145463,27.22705,27.07858,26.93011,26.78164
78.4,107.88892560000004,0.09949199999999994,2070.5860230484946,27.23335,27.08446,26.93557,26.78668
78.60000000000001,107.90863920000004,0.0985679999999999,2083.847982397357,27.23965,27.09034,26.94103,26.79172
78.80000000000001,107.92816800000004,0.09764399999999993,2097.5703101828276,27.24595,27.09622,26.94649,26.79676
79.0,107.94751200000005,0.09671999999999997,2108.203137215859,27.25225,27.1021,26.95195,26.8018
79.2,107.96667120000004,0.09579599999999994,2125.646387788282,27.25855,27.10798,26.95741,26.80684
79.4,107.98564560000004,0.09487199999999996,2139.454390532358,27.26485,27.11386,26.96287,26.81188
79.60000000000001,108.00443520000005,0.09394799999999992,2151.0110425384655,27.27115,27.11974,26.96833,26.81692
79.80000000000001,108.02304000000005,0.09302399999999988,2168.024367944807,27.27745,27.12562,26.97379,26.82196
80.0,108.04146000000004,0.09209999999999999,2177.631407399891,27.28375,27.1315,26.97925,26.826999999999998
80.2,108.05969520000005,0.09117599999999995,2193.152050526069,27.29005,27.13738,26.98471,26.83204
80.4,108.07774560000004,0.09025199999999992,2207.2240211848475,27.29635,27.14326,26.99017,26.83708
80.60000000000001,108.09561120000004,0.08932799999999994,2226.108689665058,27.30265,27.14914,26.99563,26.84212
80.80000000000001,108.11329200000004,0.0884039999999999,2232.934919425902,27.30895,27.15502,27.00109,26.84716
81.0,108.13078800000004,0.08748,2251.2985519166646,27.31525,27.160899999999998,27.00655,26.8522
81.2,108.14809920000005,0.08655599999999997,2266.137907627194,27.321550000000002,27.16678,27.01201,26.85724
81.4,108.16522560000004,0.08563199999999993,2279.129827266652,27.32785,27.17266,27.01747,26.862280000000002
81.60000000000001,108.18216720000004,0.08470799999999995,2294.8990321623514,27.33415,27.17854,27.02293,26.86732
81.80000000000001,108.19892400000005,0.08378399999999991,2304.731285849003,27.34045,27.18442,27.02839,26.87236
82.0,108.21549600000004,0.08285999999999993,2316.4178736065314,27.34675,27.1903,27.03385,26.8774
82.2,108.23188320000006,0.08193599999999995,2336.793920716215,27.35305,27.19618,27.03931,26.88244
82.4,108.24808560000005,0.08101199999999992,2347.190767252825,27.35935,27.20206,27.04477,26.88748
82.60000000000001,108.26410320000005,0.08008799999999991,2363.291987043379,27.365650000000002,27.20794,27.05023,26.89252
82.80000000000001,108.27993600000005,0.07916399999999993,2375.989662715515,27.371950000000002,27.213820000000002,27.05569,26.89756
83.0,108.29558400000005,0.07823999999999995,2394.8947912419385,27.37825,27.2197,27.06115,26.9026
83.2,108.31104720000005,0.07731599999999997,2409.0033259979027,27.38455,27.22558,27.06661,26.90764
83.4,108.32632560000005,0.07639199999999993,2420.355961739571,27.39085,27.23146,27.07207,26.91268
83.60000000000001,108.34141920000005,0.0754679999999999,2438.1662622489853,27.39715,27.23734,27.07753,26.91772
83.80000000000001,108.35632800000005,0.07454399999999994,2451.2051290349577,27.40345,27.24322,27.08299,26.92276
84.0,108.37105200000005,0.07361999999999996,2465.327179843357,27.40975,27.2491,27.08845,26.9278
84.2,108.38559120000005,0.07269599999999993,2480.404241491684,27.41605,27.25498,27.09391,26.93284
84.4,108.39994560000005,0.07177199999999995,2494.6074085007704,27.42235,27.26086,27.09937,26.93788
84.60000000000001,108.41411520000005,0.07084799999999991,2511.0064459764367,27.42865,27.26674,27.10483,26.94292
84.80000000000001,108.42810000000004,0.06992399999999988,2525.2006688496895,27.43495,27.27262,27.11029,26.947960000000002
85.0,108.44190000000005,0.06899999999999998,2538.724568633709,27.44125,27.2785,27.11575,26.953
85.2,108.45551520000004,0.06807599999999994,2556.319515589405,27.44755,27.28438,27.12121,26.95804
85.4,108.46894560000004,0.0671519999999999,2568.0075070575194,27.45385,27.29026,27.12667,26.96308
85.60000000000001,108.48219120000005,0.06622799999999993,2584.767713913739,27.46015,27.29614,27.13213,26.96812
85.80000000000001,108.49525200000004,0.06530399999999989,2600.041461063251,27.466450000000002,27.30202,27.13759,26.97316
86.0,108.50812800000004,0.06437999999999999,2617.1979647550756,27.47275,27.3079,27.14305,26.9782
86.2,108.52081920000003,0.06345599999999996,2628.3125461809914,27.47905,27.31378,27.14851,26.98324
86.4,108.53332560000004,0.06253199999999992,2647.932531433067,27.48535,27.31966,27.15397,26.98828
86.60000000000001,108.54564720000005,0.06160799999999994,2659.961474906045,27.49165,27.32554,27.15943,26.99332
86.80000000000001,108.55778400000004,0.060683999999999905,2674.423792008421,27.49795,27.33142,27.16489,26.99836
87.0,108.56973600000005,0.059759999999999924,2688.709205119727,27.50425,27.3373,27.17035,27.0034
87.2,108.58150320000004,0.05883599999999997,2706.508927881904,27.51055,27.34318,27.17581,27.00844
87.4,108.59308560000005,0.057911999999999936,2720.756169315094,27.51685,27.34906,27.18127,27.01348
87.60000000000001,108.60448320000005,0.0569879999999999,2733.8127872310265,27.52315,27.35494,27.18673,27.018520000000002
87.80000000000001,108.61569600000004,0.05606399999999992,2749.1656693590367,27.52945,27.36082,27.19219,27.02356
88.0,108.62672400000004,0.05513999999999994,2765.7515561776586,27.53575,27.3667,27.19765,27.0286
88.2,108.63756720000003,0.0542159999999999,2780.99142838417,27.54205,27.37258,27.20311,27.033640000000002
88.4,108.64822560000005,0.05329199999999995,2800.04456793735,27.54835,27.37846,27.20857,27.03868
88.60000000000001,108.65869920000004,0.052367999999999915,2816.1752215836054,27.554650000000002,27.38434,27.21403,27.04372
88.80000000000001,108.66898800000004,0.051443999999999934,2830.761087311074,27.56095,27.39022,27.21949,27.04876
89.0,108.67909200000004,0.050519999999999954,2845.379152392374,27.56725,27.3961,27.22495,27.0538
89.2,108.68901120000004,0.04959599999999992,2859.485990511169,27.57355,27.401980000000002,27.23041,27.05884
89.4,108.69874560000005,0.04867199999999994,2876.1700737815786,27.57985,27.40786,27.23587,27.06388
89.60000000000001,108.70829520000005,0.0477479999999999,2893.5887323358797,27.58615,27.41374,27.24133,27.06892
89.80000000000001,108.71766000000005,0.046823999999999866,2911.879026759152,27.59245,27.419620000000002,27.24679,27.07396
90.0,108.72684000000004,0.045899999999999996,2925.280180205925,27.59875,27.4255,27.25225,27.079
90.2,108.73583520000004,0.04497599999999996,2938.7703751369963,27.60505,27.43138,27.25771,27.08404
90.4,108.74464560000004,0.044051999999999925,2955.323567983548,27.61135,27.437260000000002,27.26317,27.08908
90.60000000000001,108.75327120000004,0.043127999999999944,2970.2382299200203,27.61765,27.44314,27.26863,27.09412
90.80000000000001,108.76171200000005,0.04220399999999991,2985.633790710254,27.62395,27.44902,27.27409,27.09916
91.0,108.76996800000003,0.04127999999999998,3002.864821070171,27.63025,27.4549,27.27955,27.1042
91.2,108.77803920000004,0.04035599999999995,3019.6986836243686,27.63655,27.46078,27.28501,27.10924
91.4,108.78592560000004,0.03943199999999991,3039.0928214686223,27.64285,27.46666,27.29047,27.11428
91.60000000000001,108.79362720000005,0.03850799999999993,3051.678045173945,27.64915,27.472540000000002,27.29593,27.119320000000002
91.80000000000001,108.80114400000005,0.037583999999999895,3070.4810392558034,27.655450000000002,27.47842,27.30139,27.12436
92.0,108.80847600000004,0.036659999999999915,3087.53300817838,27.66175,27.4843,27.30685,27.1294
92.2,108.81562320000005,0.03573599999999999,3100.4266998660833,27.66805,27.49018,27.31231,27.13444
92.4,108.82258560000005,0.034811999999999954,3119.7950664252417,27.67435,27.49606,27.31777,27.13948
92.60000000000001,108.82936320000005,0.03388799999999992,3134.3590376691695,27.68065,27.50194,27.323230000000002,27.14452
92.80000000000001,108.83595600000004,0.03296399999999994,3148.4830914906775,27.68695,27.507820000000002,27.32869,27.14956
93.0,108.84236400000005,0.03203999999999996,3166.276797740442,27.69325,27.5137,27.33415,27.154600000000002
93.2,108.84858720000004,0.03111599999999992,3182.2597327593508,27.699550000000002,27.51958,27.33961,27.15964
93.4,108.85462560000005,0.03019199999999994,3198.256085804458,27.70585,27.52546,27.34507,27.16468
93.60000000000001,108.86047920000004,0.029267999999999905,3214.8692189873245,27.71215,27.53134,27.35053,27.16972
93.80000000000001,108.86614800000004,0.028343999999999925,3232.140432089188,27.71845,27.53722,27.35599,27.17476
94.0,108.87163200000005,0.027419999999999944,3249.34480587665,27.72475,27.5431,27.36145,27.1798
94.2,108.87693120000004,0.02649599999999991,3263.370291740033,27.73105,27.54898,27.36691,27.18484
94.4,108.88204560000005,0.025571999999999928,3281.8240575907907,27.73735,27.55486,27.37237,27.18988
94.60000000000001,108.88697520000005,0.024647999999999892,3295.54004962518,27.74365,27.56074,27.37783,27.19492
94.80000000000001,108.89172000000005,0.023723999999999856,3315.8874106030858,27.749950000000002,27.56662,27.383290000000002,27.19996
95.0,108.89628000000005,0.022799999999999987,3333.433195574953,27.75625,27.5725,27.38875,27.205
95.2,108.90065520000005,0.02187599999999995,3349.373184355262,27.76255,27.57838,27.39421,27.21004
95.4,108.90484560000004,0.020951999999999915,3366.515344077024,27.76885,27.58426,27.39967,27.21508
95.60000000000001,108.90885120000004,0.020027999999999935,3384.0609561676847,27.77515,27.59014,27.40513,27.22012
95.80000000000001,108.91267200000004,0.0191039999999999,3398.527353655238,27.78145,27.59602,27.41059,27.22516
96.0,108.91630800000004,0.018179999999999974,3416.3949803563014,27.78775,27.6019,27.41605,27.2302
96.2,108.91975920000004,0.017255999999999938,3434.949466443656,27.79405,27.607779999999998,27.42151,27.23524
96.4,108.92302560000005,0.016331999999999902,3453.0249439068525,27.80035,27.61366,27.42697,27.24028
96.60000000000001,108.92610720000005,0.015407999999999922,3468.9435554208567,27.80665,27.61954,27.43243,27.24532
96.80000000000001,108.92900400000005,0.014483999999999886,3490.4309460904847,27.81295,27.625420000000002,27.43789,27.25036
97.0,108.93171600000005,0.013559999999999961,3502.352979571325,27.81925,27.6313,27.44335,27.2554
97.2,108.93424320000005,0.01263599999999998,3521.7844383298875,27.82555,27.63718,27.44881,27.26044
97.4,108.93658560000004,0.011711999999999945,3539.6069173594738,27.83185,27.64306,27.45427,27.26548
97.60000000000001,108.93874320000005,0.010787999999999909,3554.133179156375,27.83815,27.64894,27.45973,27.27052
97.80000000000001,108.94071600000004,0.009863999999999928,3570.1258468299625,27.844450000000002,27.65482,27.46519,27.27556
98.0,108.94250400000004,0.008939999999999948,3586.8067020154826,27.85075,27.6607,27.47065,27.2806
98.2,108.94410720000005,0.008015999999999912,3606.9403633552874,27.85705,27.66658,27.47611,27.28564
98.4,108.94552560000004,0.007091999999999932,3626.3191456829513,27.86335,27.67246,27.48157,27.290680000000002
98.60000000000001,108.94675920000005,0.006167999999999896,3642.1634866931263,27.86965,27.67834,27.48703,27.29572
98.80000000000001,108.94780800000004,0.005243999999999915,3659.5262706867857,27.87595,27.68422,27.49249,27.30076
99.0,108.94867200000004,0.004319999999999935,3676.0213447909323,27.88225,27.6901,27.49795,27.3058
99.2,108.94935120000005,0.003395999999999899,3695.539836330075,27.888550000000002,27.69598,27.50341,27.31084
99.4,108.94984560000005,0.0024719999999999742,3707.822894306976,27.894849999999998,27.70186,27.50887,27.31588
99.60000000000001,108.95015520000005,0.0015479999999999383,3730.274842691708,27.90115,27.70774,27.51433,27.32092
99.80000000000001,108.95028000000005,0.0006239999999999024,3747.620633861149,27.90745,27.71362,27.51979,27.325960000000002
100.0,108.95028000000005,0.0,3762.6167161604135,27.91375,27.7195,27.52525,27.331
